{"packages/cupertino_icons/assets/CupertinoIcons.ttf":["packages/cupertino_icons/assets/CupertinoIcons.ttf"],"packages/flutter_inappwebview/assets/t_rex_runner/t-rex.css":["packages/flutter_inappwebview/assets/t_rex_runner/t-rex.css"],"packages/flutter_inappwebview/assets/t_rex_runner/t-rex.html":["packages/flutter_inappwebview/assets/t_rex_runner/t-rex.html"],"packages/flutter_inappwebview_web/assets/web/web_support.js":["packages/flutter_inappwebview_web/assets/web/web_support.js"],"packages/wakelock_plus/assets/no_sleep.js":["packages/wakelock_plus/assets/no_sleep.js"]}